{"rmse": 0.01179451225158231, "mae": 0.01001491689914745, "r2": 0.9997751181300284}