{"rmse": 0.1224744871391589, "mae": 0.015, "r2": 0.9757514523869664}