{"rmse": 0.028944264133257357, "mae": 0.024577057009089805, "r2": 0.9986456855954077}